[
{
    "fields": {
        "name": "Australia",
        "icon": "icons/220px-Flag_of_Australia.svg.png"
    },
    "model": "restserver.abstractmodel",
    "pk": 1
},
{
    "fields": {
        "name": "Sydney",
        "icon": "icons/220px-Sydney_skyline_at_dusk_-_Dec_2008.jpg"
    },
    "model": "restserver.abstractmodel",
    "pk": 2
},
{
    "fields": {
        "name": "General English",
        "icon": "icons/general-english-4-180287-l-48x48.png"
    },
    "model": "restserver.abstractmodel",
    "pk": 3
},
{
    "fields": {
        "name": "Greenwich English College",
        "icon": "icons/greenwich.png"
    },
    "model": "restserver.abstractmodel",
    "pk": 4
},
{
    "fields": {
        "name": "Melbourne",
        "icon": "icons/220px-Melbourne_Night_Panorama.jpg"
    },
    "model": "restserver.abstractmodel",
    "pk": 5
},
{
    "fields": {
        "name": "Ireland",
        "icon": "icons/220px-Flag_of_Ireland.svg.png"
    },
    "model": "restserver.abstractmodel",
    "pk": 6
},
{
    "fields": {
        "name": "Canada",
        "icon": "icons/220px-Flag_of_Canada.svg.png"
    },
    "model": "restserver.abstractmodel",
    "pk": 7
},
{
    "fields": {
        "name": "United Kingdom",
        "icon": "icons/220px-Flag_of_the_United_Kingdom.svg.png"
    },
    "model": "restserver.abstractmodel",
    "pk": 8
},
{
    "fields": {
        "name": "United States",
        "icon": "icons/220px-Flag_of_the_United_States.svg.png"
    },
    "model": "restserver.abstractmodel",
    "pk": 9
},
{
    "fields": {
        "name": "Dublin",
        "icon": "icons/220x-dublin-castle.jpg"
    },
    "model": "restserver.abstractmodel",
    "pk": 10
},
{
    "fields": {
        "name": "CAE",
        "icon": "icons/220px-cae.jpg"
    },
    "model": "restserver.abstractmodel",
    "pk": 11
},
{
    "fields": {
        "name": "Kaplan International",
        "icon": "icons/220px-kaplan.png"
    },
    "model": "restserver.abstractmodel",
    "pk": 12
},
{
    "fields": {
        "name": "South Africa",
        "icon": "icons/218px-Flag_of_South_Africa.svg.png"
    },
    "model": "restserver.abstractmodel",
    "pk": 13
},
{
    "fields": {
        "name": "New Zealand",
        "icon": "icons/220px-Flag_of_New_Zealand.svg.png"
    },
    "model": "restserver.abstractmodel",
    "pk": 14
},
{
    "fields": {
        "name": "Bupa",
        "icon": "icons/bupa.gif"
    },
    "model": "restserver.abstractmodel",
    "pk": 15
},
{
    "fields": {
        "visa_fee": "550.00",
        "default_currency": "AUD"
    },
    "model": "restserver.country",
    "pk": 1
},
{
    "fields": {
        "visa_fee": "1.00",
        "default_currency": "EUR"
    },
    "model": "restserver.country",
    "pk": 6
},
{
    "fields": {
        "visa_fee": "1.00",
        "default_currency": "CAD"
    },
    "model": "restserver.country",
    "pk": 7
},
{
    "fields": {
        "visa_fee": "1.00",
        "default_currency": "GBP"
    },
    "model": "restserver.country",
    "pk": 8
},
{
    "fields": {
        "visa_fee": "1.00",
        "default_currency": "USD"
    },
    "model": "restserver.country",
    "pk": 9
},
{
    "fields": {
        "visa_fee": "1.00",
        "default_currency": "ZAR"
    },
    "model": "restserver.country",
    "pk": 13
},
{
    "fields": {
        "visa_fee": "1.00",
        "default_currency": "NZD"
    },
    "model": "restserver.country",
    "pk": 14
},
{
    "fields": {
        "abbreviation": "DFS",
        "country": 1,
        "name": "Default State"
    },
    "model": "restserver.state",
    "pk": 1
},
{
    "fields": {
        "abbreviation": "VIC",
        "country": 1,
        "name": "Victoria"
    },
    "model": "restserver.state",
    "pk": 2
},
{
    "fields": {
        "abbreviation": "NSW",
        "country": 1,
        "name": "New South Wales"
    },
    "model": "restserver.state",
    "pk": 3
},
{
    "fields": {
        "country": 1,
        "state": 2,
        "airport": "SYD"
    },
    "model": "restserver.city",
    "pk": 2
},
{
    "fields": {
        "country": 1,
        "state": 3,
        "airport": "SYD"
    },
    "model": "restserver.city",
    "pk": 5
},
{
    "fields": {
        "country": 6,
        "state": 1,
        "airport": "SYD"
    },
    "model": "restserver.city",
    "pk": 10
},
{
    "fields": {
        "is_flexible": false,
        "week_duration": 50
    },
    "model": "restserver.course",
    "pk": 3
},
{
    "fields": {
        "is_flexible": false,
        "week_duration": 18
    },
    "model": "restserver.course",
    "pk": 11
},
{
    "fields": {
        "enrolment_fee": "55.00",
        "city": 2,
        "country": 1,
        "books_fee": "320.00",
        "suburb": "City",
        "state": 2,
        "address_line": "333 Pitt Street",
        "zip_code": 2010
    },
    "model": "restserver.school",
    "pk": 4
},
{
    "fields": {
        "enrolment_fee": "250.00",
        "city": 2,
        "country": 1,
        "books_fee": "250.00",
        "suburb": "City Circle",
        "state": 2,
        "address_line": "7 Market Street",
        "zip_code": 2010
    },
    "model": "restserver.school",
    "pk": 12
},
{
    "fields": {
        "city": 2,
        "school": 4,
        "country": 1,
        "week_price": "260.00",
        "course": 3,
        "state": 2
    },
    "model": "restserver.schoolcoursevalue",
    "pk": 1
},
{
    "fields": {
        "city": 2,
        "school": 4,
        "country": 1,
        "week_price": "220.00",
        "course": 11,
        "state": 2
    },
    "model": "restserver.schoolcoursevalue",
    "pk": 2
},
{
    "fields": {
        "city": 2,
        "school": 12,
        "country": 1,
        "week_price": "235.00",
        "course": 3,
        "state": 2
    },
    "model": "restserver.schoolcoursevalue",
    "pk": 3
},
{
    "fields": {
        "city": 2,
        "school": 12,
        "country": 1,
        "week_price": "225.00",
        "course": 11,
        "state": 2
    },
    "model": "restserver.schoolcoursevalue",
    "pk": 4
},
{
    "fields": {
        "city": 2,
        "public_transport_monthly": "150.00",
        "country": 1,
        "restaurant_average_per_meal": "12.00",
        "super_market_average_per_month": "200.00",
        "state": 2,
        "utilites_average_monthly": "120.00",
        "rent_average_monthly": "1200.00"
    },
    "model": "restserver.costofliving",
    "pk": 1
},
{
    "fields": {
        "website": "http://www.bupa.com.au",
        "country": 1,
        "couple_price_per_month": "200.00",
        "familly_price_per_month": "220.00",
        "single_price_per_month": "45.00"
    },
    "model": "restserver.healthinsurance",
    "pk": 15
},
{
    "fields": {
        "origin": "GRU",
        "flight_duration": "04:25:00",
        "destination": "SCL",
        "airport_layover": "06:55:00",
        "operated_by": "TAM"
    },
    "model": "restserver.airtrip",
    "pk": 1
},
{
    "fields": {
        "origin": "SCL",
        "flight_duration": "13:10:00",
        "destination": "AKL",
        "airport_layover": "02:00:00",
        "operated_by": "LAN"
    },
    "model": "restserver.airtrip",
    "pk": 2
},
{
    "fields": {
        "origin": "AKL",
        "flight_duration": "03:40:00",
        "destination": "SYD",
        "airport_layover": "00:00:00",
        "operated_by": "LAN"
    },
    "model": "restserver.airtrip",
    "pk": 3
},
{
    "fields": {
        "origin": "GRU",
        "price_currency": "BRL",
        "air_trips": [
            1,
            2,
            3
        ],
        "price": "5918.00",
        "destination": "SYD",
        "date": "2015-08-20"
    },
    "model": "restserver.airfare",
    "pk": 1
}
]
